lib_index,gene_index,Symbol,sgRNA ID,Chromosome,sgRNA location,Genomic strand targeted,sgRNA sequence,barcode,Extra-nts+XbaI,PacI-BstXI,Extra-nts+BlpI,final-construct
0,0,SIRT1,sgSIRT1_1,chr10,69672467,-,GAGTCTTCTGAAACATGAAG,GAGTCTTCTGAAACATGA,gtaccgggcccgcTCTAGA,TTAATTAACCAcctTGTTGG,GTTTAAGAGCTAAGCTGGA,gtaccgggcccgcTCTAGAGAGTCTTCTGAAACATGATTAATTAACCAcctTGTTGGGAGTCTTCTGAAACATGAAGGTTTAAGAGCTAAGCTGGA
1,0,SIRT1,sgSIRT1_2,chr10,69672512,-,ACAATCACTGAAGAATCTGG,ACAATCACTGAAGAATCT,gtaccgggcccgcTCTAGA,TTAATTAACCAcctTGTTGG,GTTTAAGAGCTAAGCTGGA,gtaccgggcccgcTCTAGAACAATCACTGAAGAATCTTTAATTAACCAcctTGTTGGACAATCACTGAAGAATCTGGGTTTAAGAGCTAAGCTGGA
2,0,SIRT1,sgSIRT1_3,chr10,69666592,+,ATAGCCTTGTCAGATAAGGA,ATAGCCTTGTCAGATAAG,gtaccgggcccgcTCTAGA,TTAATTAACCAcctTGTTGG,GTTTAAGAGCTAAGCTGGA,gtaccgggcccgcTCTAGAATAGCCTTGTCAGATAAGTTAATTAACCAcctTGTTGGATAGCCTTGTCAGATAAGGAGTTTAAGAGCTAAGCTGGA
30,3,XRCC1,sgXRCC1_1,chr19,44056352,-,GCAGTGACAGGCAAACCCCG,GCAGTGACAGGCAAACCC,gtaccgggcccgcTCTAGA,TTAATTAACCAcctTGTTGG,GTTTAAGAGCTAAGCTGGA,gtaccgggcccgcTCTAGAGCAGTGACAGGCAAACCCTTAATTAACCAcctTGTTGGGCAGTGACAGGCAAACCCCGGTTTAAGAGCTAAGCTGGA
31,3,XRCC1,sgXRCC1_2,chr19,44051073,-,GATGAGGCCTCTCACAGCGG,GATGAGGCCTCTCACAGC,gtaccgggcccgcTCTAGA,TTAATTAACCAcctTGTTGG,GTTTAAGAGCTAAGCTGGA,gtaccgggcccgcTCTAGAGATGAGGCCTCTCACAGCTTAATTAACCAcctTGTTGGGATGAGGCCTCTCACAGCGGGTTTAAGAGCTAAGCTGGA
32,3,XRCC1,sgXRCC1_3,chr19,44050209,-,GGGACACAGAGGATGAGCTG,GGGACACAGAGGATGAGC,gtaccgggcccgcTCTAGA,TTAATTAACCAcctTGTTGG,GTTTAAGAGCTAAGCTGGA,gtaccgggcccgcTCTAGAGGGACACAGAGGATGAGCTTAATTAACCAcctTGTTGGGGGACACAGAGGATGAGCTGGTTTAAGAGCTAAGCTGGA
40,4,XRCC6,sgXRCC6_1,chr22,42018038,+,CGAGGGCGATGAAGAAGCAG,CGAGGGCGATGAAGAAGC,gtaccgggcccgcTCTAGA,TTAATTAACCAcctTGTTGG,GTTTAAGAGCTAAGCTGGA,gtaccgggcccgcTCTAGACGAGGGCGATGAAGAAGCTTAATTAACCAcctTGTTGGCGAGGGCGATGAAGAAGCAGGTTTAAGAGCTAAGCTGGA
41,4,XRCC6,sgXRCC6_2,chr22,42046859,-,TCTGGGTACACGAACAGGGA,TCTGGGTACACGAACAGG,gtaccgggcccgcTCTAGA,TTAATTAACCAcctTGTTGG,GTTTAAGAGCTAAGCTGGA,gtaccgggcccgcTCTAGATCTGGGTACACGAACAGGTTAATTAACCAcctTGTTGGTCTGGGTACACGAACAGGGAGTTTAAGAGCTAAGCTGGA
42,4,XRCC6,sgXRCC6_3,chr22,42049642,+,GGTGCCACAGGAAGAAGAGT,GGTGCCACAGGAAGAAGA,gtaccgggcccgcTCTAGA,TTAATTAACCAcctTGTTGG,GTTTAAGAGCTAAGCTGGA,gtaccgggcccgcTCTAGAGGTGCCACAGGAAGAAGATTAATTAACCAcctTGTTGGGGTGCCACAGGAAGAAGAGTGTTTAAGAGCTAAGCTGGA
50,5,BRCA1,sgBRCA1_1,chr17,41251832,-,GAACTCTGAGGACAAAGCAG,GAACTCTGAGGACAAAGC,gtaccgggcccgcTCTAGA,TTAATTAACCAcctTGTTGG,GTTTAAGAGCTAAGCTGGA,gtaccgggcccgcTCTAGAGAACTCTGAGGACAAAGCTTAATTAACCAcctTGTTGGGAACTCTGAGGACAAAGCAGGTTTAAGAGCTAAGCTGGA
51,5,BRCA1,sgBRCA1_2,chr17,41234547,-,GATAAAGCTCCAGCAGGAAA,GATAAAGCTCCAGCAGGA,gtaccgggcccgcTCTAGA,TTAATTAACCAcctTGTTGG,GTTTAAGAGCTAAGCTGGA,gtaccgggcccgcTCTAGAGATAAAGCTCCAGCAGGATTAATTAACCAcctTGTTGGGATAAAGCTCCAGCAGGAAAGTTTAAGAGCTAAGCTGGA
52,5,BRCA1,sgBRCA1_3,chr17,41222957,+,GGTCAGGCCAGACACCACCA,GGTCAGGCCAGACACCAC,gtaccgggcccgcTCTAGA,TTAATTAACCAcctTGTTGG,GTTTAAGAGCTAAGCTGGA,gtaccgggcccgcTCTAGAGGTCAGGCCAGACACCACTTAATTAACCAcctTGTTGGGGTCAGGCCAGACACCACCAGTTTAAGAGCTAAGCTGGA
80,8,XPC,sgXPC_1,chr3,14199869,+,GAAGAGCTTGAGGATGCCGC,GAAGAGCTTGAGGATGCC,gtaccgggcccgcTCTAGA,TTAATTAACCAcctTGTTGG,GTTTAAGAGCTAAGCTGGA,gtaccgggcccgcTCTAGAGAAGAGCTTGAGGATGCCTTAATTAACCAcctTGTTGGGAAGAGCTTGAGGATGCCGCGTTTAAGAGCTAAGCTGGA
81,8,XPC,sgXPC_2,chr3,14219978,-,GAGCAAGGCCCGGCGTGAGG,GAGCAAGGCCCGGCGTGA,gtaccgggcccgcTCTAGA,TTAATTAACCAcctTGTTGG,GTTTAAGAGCTAAGCTGGA,gtaccgggcccgcTCTAGAGAGCAAGGCCCGGCGTGATTAATTAACCAcctTGTTGGGAGCAAGGCCCGGCGTGAGGGTTTAAGAGCTAAGCTGGA
82,8,XPC,sgXPC_3,chr3,14214382,-,AAGGATGAAGCCCTCAGCGA,AAGGATGAAGCCCTCAGC,gtaccgggcccgcTCTAGA,TTAATTAACCAcctTGTTGG,GTTTAAGAGCTAAGCTGGA,gtaccgggcccgcTCTAGAAAGGATGAAGCCCTCAGCTTAATTAACCAcctTGTTGGAAGGATGAAGCCCTCAGCGAGTTTAAGAGCTAAGCTGGA
90,9,MLH1,sgMLH1_1,chr3,37067395,-,GCAGCCACTTCAGCAGGGGC,GCAGCCACTTCAGCAGGG,gtaccgggcccgcTCTAGA,TTAATTAACCAcctTGTTGG,GTTTAAGAGCTAAGCTGGA,gtaccgggcccgcTCTAGAGCAGCCACTTCAGCAGGGTTAATTAACCAcctTGTTGGGCAGCCACTTCAGCAGGGGCGTTTAAGAGCTAAGCTGGA
91,9,MLH1,sgMLH1_2,chr3,37081702,-,TCACACAGCCCACGAAGGAG,TCACACAGCCCACGAAGG,gtaccgggcccgcTCTAGA,TTAATTAACCAcctTGTTGG,GTTTAAGAGCTAAGCTGGA,gtaccgggcccgcTCTAGATCACACAGCCCACGAAGGTTAATTAACCAcctTGTTGGTCACACAGCCCACGAAGGAGGTTTAAGAGCTAAGCTGGA
92,9,MLH1,sgMLH1_3,chr3,37067156,-,GGATTTAACCATCTCCCCAG,GGATTTAACCATCTCCCC,gtaccgggcccgcTCTAGA,TTAATTAACCAcctTGTTGG,GTTTAAGAGCTAAGCTGGA,gtaccgggcccgcTCTAGAGGATTTAACCATCTCCCCTTAATTAACCAcctTGTTGGGGATTTAACCATCTCCCCAGGTTTAAGAGCTAAGCTGGA
100,10,PARP3,sgPARP3_1,chr3,51979934,+,GAAAGTAAACCAAGAAGGGG,GAAAGTAAACCAAGAAGG,gtaccgggcccgcTCTAGA,TTAATTAACCAcctTGTTGG,GTTTAAGAGCTAAGCTGGA,gtaccgggcccgcTCTAGAGAAAGTAAACCAAGAAGGTTAATTAACCAcctTGTTGGGAAAGTAAACCAAGAAGGGGGTTTAAGAGCTAAGCTGGA
101,10,PARP3,sgPARP3_2,chr3,51977386,+,GAAGCCCTGGGTACAGACTG,GAAGCCCTGGGTACAGAC,gtaccgggcccgcTCTAGA,TTAATTAACCAcctTGTTGG,GTTTAAGAGCTAAGCTGGA,gtaccgggcccgcTCTAGAGAAGCCCTGGGTACAGACTTAATTAACCAcctTGTTGGGAAGCCCTGGGTACAGACTGGTTTAAGAGCTAAGCTGGA
102,10,PARP3,sgPARP3_3,chr3,51977466,-,GGCCTTGAGGGCCTCAGCGG,GGCCTTGAGGGCCTCAGC,gtaccgggcccgcTCTAGA,TTAATTAACCAcctTGTTGG,GTTTAAGAGCTAAGCTGGA,gtaccgggcccgcTCTAGAGGCCTTGAGGGCCTCAGCTTAATTAACCAcctTGTTGGGGCCTTGAGGGCCTCAGCGGGTTTAAGAGCTAAGCTGGA
120,12,MRE11A,sgMRE11A_1,chr11,94180387,-,GGAGGGTCTCAAAGAGGAAG,GGAGGGTCTCAAAGAGGA,gtaccgggcccgcTCTAGA,TTAATTAACCAcctTGTTGG,GTTTAAGAGCTAAGCTGGA,gtaccgggcccgcTCTAGAGGAGGGTCTCAAAGAGGATTAATTAACCAcctTGTTGGGGAGGGTCTCAAAGAGGAAGGTTTAAGAGCTAAGCTGGA
121,12,MRE11A,sgMRE11A_2,chr11,94203781,-,GTTTGCTGCGTATTAAAGGG,GTTTGCTGCGTATTAAAG,gtaccgggcccgcTCTAGA,TTAATTAACCAcctTGTTGG,GTTTAAGAGCTAAGCTGGA,gtaccgggcccgcTCTAGAGTTTGCTGCGTATTAAAGTTAATTAACCAcctTGTTGGGTTTGCTGCGTATTAAAGGGGTTTAAGAGCTAAGCTGGA
122,12,MRE11A,sgMRE11A_3,chr11,94180459,-,GCAGCAACCAACAAAGGAAG,GCAGCAACCAACAAAGGA,gtaccgggcccgcTCTAGA,TTAATTAACCAcctTGTTGG,GTTTAAGAGCTAAGCTGGA,gtaccgggcccgcTCTAGAGCAGCAACCAACAAAGGATTAATTAACCAcctTGTTGGGCAGCAACCAACAAAGGAAGGTTTAAGAGCTAAGCTGGA
130,13,ATM,sgATM_1,chr11,108155110,+,GGGTACCAGAGACAGTGGGA,GGGTACCAGAGACAGTGG,gtaccgggcccgcTCTAGA,TTAATTAACCAcctTGTTGG,GTTTAAGAGCTAAGCTGGA,gtaccgggcccgcTCTAGAGGGTACCAGAGACAGTGGTTAATTAACCAcctTGTTGGGGGTACCAGAGACAGTGGGAGTTTAAGAGCTAAGCTGGA
131,13,ATM,sgATM_2,chr11,108159729,-,ACATGCGATGGAAAATGAGG,ACATGCGATGGAAAATGA,gtaccgggcccgcTCTAGA,TTAATTAACCAcctTGTTGG,GTTTAAGAGCTAAGCTGGA,gtaccgggcccgcTCTAGAACATGCGATGGAAAATGATTAATTAACCAcctTGTTGGACATGCGATGGAAAATGAGGGTTTAAGAGCTAAGCTGGA
132,13,ATM,sgATM_3,chr11,108159741,-,GTTGCTTTAATCACATGCGA,GTTGCTTTAATCACATGC,gtaccgggcccgcTCTAGA,TTAATTAACCAcctTGTTGG,GTTTAAGAGCTAAGCTGGA,gtaccgggcccgcTCTAGAGTTGCTTTAATCACATGCTTAATTAACCAcctTGTTGGGTTGCTTTAATCACATGCGAGTTTAAGAGCTAAGCTGGA
148,15,PARP1,sgPARP1_1,chr1,226589936,-,GCAGAAAGTCAAGAAGACAG,GCAGAAAGTCAAGAAGAC,gtaccgggcccgcTCTAGA,TTAATTAACCAcctTGTTGG,GTTTAAGAGCTAAGCTGGA,gtaccgggcccgcTCTAGAGCAGAAAGTCAAGAAGACTTAATTAACCAcctTGTTGGGCAGAAAGTCAAGAAGACAGGTTTAAGAGCTAAGCTGGA
149,15,PARP1,sgPARP1_2,chr1,226561941,-,GGAAAGTATGAAGAAAGCCA,GGAAAGTATGAAGAAAGC,gtaccgggcccgcTCTAGA,TTAATTAACCAcctTGTTGG,GTTTAAGAGCTAAGCTGGA,gtaccgggcccgcTCTAGAGGAAAGTATGAAGAAAGCTTAATTAACCAcctTGTTGGGGAAAGTATGAAGAAAGCCAGTTTAAGAGCTAAGCTGGA
150,15,PARP1,sgPARP1_3,chr1,226573225,-,GACACAGACACCCAACCGGA,GACACAGACACCCAACCG,gtaccgggcccgcTCTAGA,TTAATTAACCAcctTGTTGG,GTTTAAGAGCTAAGCTGGA,gtaccgggcccgcTCTAGAGACACAGACACCCAACCGTTAATTAACCAcctTGTTGGGACACAGACACCCAACCGGAGTTTAAGAGCTAAGCTGGA
158,16,EXO1,sgEXO1_1,chr1,242048740,+,ATAATGCCGAGAACAAGCCG,ATAATGCCGAGAACAAGC,gtaccgggcccgcTCTAGA,TTAATTAACCAcctTGTTGG,GTTTAAGAGCTAAGCTGGA,gtaccgggcccgcTCTAGAATAATGCCGAGAACAAGCTTAATTAACCAcctTGTTGGATAATGCCGAGAACAAGCCGGTTTAAGAGCTAAGCTGGA
159,16,EXO1,sgEXO1_2,chr1,242020730,+,TGTGCAAGCCATAATTACAG,TGTGCAAGCCATAATTAC,gtaccgggcccgcTCTAGA,TTAATTAACCAcctTGTTGG,GTTTAAGAGCTAAGCTGGA,gtaccgggcccgcTCTAGATGTGCAAGCCATAATTACTTAATTAACCAcctTGTTGGTGTGCAAGCCATAATTACAGGTTTAAGAGCTAAGCTGGA
160,16,EXO1,sgEXO1_3,chr1,242048622,-,GAACTGGACTTATATAGCCC,GAACTGGACTTATATAGC,gtaccgggcccgcTCTAGA,TTAATTAACCAcctTGTTGG,GTTTAAGAGCTAAGCTGGA,gtaccgggcccgcTCTAGAGAACTGGACTTATATAGCTTAATTAACCAcctTGTTGGGAACTGGACTTATATAGCCCGTTTAAGAGCTAAGCTGGA
168,17,POLD1,sgPOLD1_1,chr19,50902104,+,GCAGGATGGATGGCAAGCGG,GCAGGATGGATGGCAAGC,gtaccgggcccgcTCTAGA,TTAATTAACCAcctTGTTGG,GTTTAAGAGCTAAGCTGGA,gtaccgggcccgcTCTAGAGCAGGATGGATGGCAAGCTTAATTAACCAcctTGTTGGGCAGGATGGATGGCAAGCGGGTTTAAGAGCTAAGCTGGA
169,17,POLD1,sgPOLD1_2,chr19,50905492,-,GGTGATGCGCAGGAACGGGG,GGTGATGCGCAGGAACGG,gtaccgggcccgcTCTAGA,TTAATTAACCAcctTGTTGG,GTTTAAGAGCTAAGCTGGA,gtaccgggcccgcTCTAGAGGTGATGCGCAGGAACGGTTAATTAACCAcctTGTTGGGGTGATGCGCAGGAACGGGGGTTTAAGAGCTAAGCTGGA
170,17,POLD1,sgPOLD1_3,chr19,50919733,-,GGATGGGCTCGAAGATGCGC,GGATGGGCTCGAAGATGC,gtaccgggcccgcTCTAGA,TTAATTAACCAcctTGTTGG,GTTTAAGAGCTAAGCTGGA,gtaccgggcccgcTCTAGAGGATGGGCTCGAAGATGCTTAATTAACCAcctTGTTGGGGATGGGCTCGAAGATGCGCGTTTAAGAGCTAAGCTGGA
217,22,MLH3,sgMLH3_1,chr14,75515934,-,GATGTGACTAGAGCAAGCGC,GATGTGACTAGAGCAAGC,gtaccgggcccgcTCTAGA,TTAATTAACCAcctTGTTGG,GTTTAAGAGCTAAGCTGGA,gtaccgggcccgcTCTAGAGATGTGACTAGAGCAAGCTTAATTAACCAcctTGTTGGGATGTGACTAGAGCAAGCGCGTTTAAGAGCTAAGCTGGA
218,22,MLH3,sgMLH3_2,chr14,75514647,+,AATGTTGTTGCAAAAGGCAG,AATGTTGTTGCAAAAGGC,gtaccgggcccgcTCTAGA,TTAATTAACCAcctTGTTGG,GTTTAAGAGCTAAGCTGGA,gtaccgggcccgcTCTAGAAATGTTGTTGCAAAAGGCTTAATTAACCAcctTGTTGGAATGTTGTTGCAAAAGGCAGGTTTAAGAGCTAAGCTGGA
219,22,MLH3,sgMLH3_3,chr14,75509084,-,GTGATGAGACAGGATAACAG,GTGATGAGACAGGATAAC,gtaccgggcccgcTCTAGA,TTAATTAACCAcctTGTTGG,GTTTAAGAGCTAAGCTGGA,gtaccgggcccgcTCTAGAGTGATGAGACAGGATAACTTAATTAACCAcctTGTTGGGTGATGAGACAGGATAACAGGTTTAAGAGCTAAGCTGGA
307,31,XRCC4,sgXRCC4_1,chr5,82400765,-,TACTGGGTTCAGAAACAAGG,TACTGGGTTCAGAAACAA,gtaccgggcccgcTCTAGA,TTAATTAACCAcctTGTTGG,GTTTAAGAGCTAAGCTGGA,gtaccgggcccgcTCTAGATACTGGGTTCAGAAACAATTAATTAACCAcctTGTTGGTACTGGGTTCAGAAACAAGGGTTTAAGAGCTAAGCTGGA
308,31,XRCC4,sgXRCC4_2,chr5,82554470,+,GGAGAATCAGCTTCAAGAAA,GGAGAATCAGCTTCAAGA,gtaccgggcccgcTCTAGA,TTAATTAACCAcctTGTTGG,GTTTAAGAGCTAAGCTGGA,gtaccgggcccgcTCTAGAGGAGAATCAGCTTCAAGATTAATTAACCAcctTGTTGGGGAGAATCAGCTTCAAGAAAGTTTAAGAGCTAAGCTGGA
309,31,XRCC4,sgXRCC4_3,chr5,82400850,+,GATGGTCATTCAGCATGGAC,GATGGTCATTCAGCATGG,gtaccgggcccgcTCTAGA,TTAATTAACCAcctTGTTGG,GTTTAAGAGCTAAGCTGGA,gtaccgggcccgcTCTAGAGATGGTCATTCAGCATGGTTAATTAACCAcctTGTTGGGATGGTCATTCAGCATGGACGTTTAAGAGCTAAGCTGGA
367,37,MSH5,sgMSH5_1,chr6,31708279,+,GCAGGGACCGAGACCTGGGG,GCAGGGACCGAGACCTGG,gtaccgggcccgcTCTAGA,TTAATTAACCAcctTGTTGG,GTTTAAGAGCTAAGCTGGA,gtaccgggcccgcTCTAGAGCAGGGACCGAGACCTGGTTAATTAACCAcctTGTTGGGCAGGGACCGAGACCTGGGGGTTTAAGAGCTAAGCTGGA
368,37,MSH5,sgMSH5_2,chr6,31708351,+,CGAGGAGGAGGAAGTCGAGG,CGAGGAGGAGGAAGTCGA,gtaccgggcccgcTCTAGA,TTAATTAACCAcctTGTTGG,GTTTAAGAGCTAAGCTGGA,gtaccgggcccgcTCTAGACGAGGAGGAGGAAGTCGATTAATTAACCAcctTGTTGGCGAGGAGGAGGAAGTCGAGGGTTTAAGAGCTAAGCTGGA
369,37,MSH5,sgMSH5_3,chr6,31708369,+,GGAGGAGGAGGAGCTGGCCG,GGAGGAGGAGGAGCTGGC,gtaccgggcccgcTCTAGA,TTAATTAACCAcctTGTTGG,GTTTAAGAGCTAAGCTGGA,gtaccgggcccgcTCTAGAGGAGGAGGAGGAGCTGGCTTAATTAACCAcctTGTTGGGGAGGAGGAGGAGCTGGCCGGTTTAAGAGCTAAGCTGGA
377,38,POLH,sgPOLH_1,chr6,43565539,+,AATGAGAGCAGCCATAGAGA,AATGAGAGCAGCCATAGA,gtaccgggcccgcTCTAGA,TTAATTAACCAcctTGTTGG,GTTTAAGAGCTAAGCTGGA,gtaccgggcccgcTCTAGAAATGAGAGCAGCCATAGATTAATTAACCAcctTGTTGGAATGAGAGCAGCCATAGAGAGTTTAAGAGCTAAGCTGGA
378,38,POLH,sgPOLH_2,chr6,43571631,+,GTAGTCTTGGAGGAAAGCTA,GTAGTCTTGGAGGAAAGC,gtaccgggcccgcTCTAGA,TTAATTAACCAcctTGTTGG,GTTTAAGAGCTAAGCTGGA,gtaccgggcccgcTCTAGAGTAGTCTTGGAGGAAAGCTTAATTAACCAcctTGTTGGGTAGTCTTGGAGGAAAGCTAGTTTAAGAGCTAAGCTGGA
379,38,POLH,sgPOLH_3,chr6,43572423,-,GAAGTTCTTACTACAGCCAA,GAAGTTCTTACTACAGCC,gtaccgggcccgcTCTAGA,TTAATTAACCAcctTGTTGG,GTTTAAGAGCTAAGCTGGA,gtaccgggcccgcTCTAGAGAAGTTCTTACTACAGCCTTAATTAACCAcctTGTTGGGAAGTTCTTACTACAGCCAAGTTTAAGAGCTAAGCTGGA
397,40,HMGB1,sgHMGB1_1,chr13,31037438,-,AGATATGGCAAAAGCGGACA,AGATATGGCAAAAGCGGA,gtaccgggcccgcTCTAGA,TTAATTAACCAcctTGTTGG,GTTTAAGAGCTAAGCTGGA,gtaccgggcccgcTCTAGAAGATATGGCAAAAGCGGATTAATTAACCAcctTGTTGGAGATATGGCAAAAGCGGACAGTTTAAGAGCTAAGCTGGA
398,40,HMGB1,sgHMGB1_2,chr13,31037670,-,GAAGTGCTCAGAGAGGTGGA,GAAGTGCTCAGAGAGGTG,gtaccgggcccgcTCTAGA,TTAATTAACCAcctTGTTGG,GTTTAAGAGCTAAGCTGGA,gtaccgggcccgcTCTAGAGAAGTGCTCAGAGAGGTGTTAATTAACCAcctTGTTGGGAAGTGCTCAGAGAGGTGGAGTTTAAGAGCTAAGCTGGA
399,40,HMGB1,sgHMGB1_3,chr13,31036815,+,GGCGATACTCAGAGCAGAAG,GGCGATACTCAGAGCAGA,gtaccgggcccgcTCTAGA,TTAATTAACCAcctTGTTGG,GTTTAAGAGCTAAGCTGGA,gtaccgggcccgcTCTAGAGGCGATACTCAGAGCAGATTAATTAACCAcctTGTTGGGGCGATACTCAGAGCAGAAGGTTTAAGAGCTAAGCTGGA
407,41,LIG4,sgLIG4_1,chr13,108863372,-,GAAAGAGAGAGAATGGCCTA,GAAAGAGAGAGAATGGCC,gtaccgggcccgcTCTAGA,TTAATTAACCAcctTGTTGG,GTTTAAGAGCTAAGCTGGA,gtaccgggcccgcTCTAGAGAAAGAGAGAGAATGGCCTTAATTAACCAcctTGTTGGGAAAGAGAGAGAATGGCCTAGTTTAAGAGCTAAGCTGGA
408,41,LIG4,sgLIG4_2,chr13,108862187,-,TGGGGTAAAGGATCACGGGG,TGGGGTAAAGGATCACGG,gtaccgggcccgcTCTAGA,TTAATTAACCAcctTGTTGG,GTTTAAGAGCTAAGCTGGA,gtaccgggcccgcTCTAGATGGGGTAAAGGATCACGGTTAATTAACCAcctTGTTGGTGGGGTAAAGGATCACGGGGGTTTAAGAGCTAAGCTGGA
409,41,LIG4,sgLIG4_3,chr13,108863261,-,AGAACACCCACTGGAACTCA,AGAACACCCACTGGAACT,gtaccgggcccgcTCTAGA,TTAATTAACCAcctTGTTGG,GTTTAAGAGCTAAGCTGGA,gtaccgggcccgcTCTAGAAGAACACCCACTGGAACTTTAATTAACCAcctTGTTGGAGAACACCCACTGGAACTCAGTTTAAGAGCTAAGCTGGA
427,43,BRCA2,sgBRCA2_1,chr13,32900727,-,GAGCACAGTAGAACTAAGGG,GAGCACAGTAGAACTAAG,gtaccgggcccgcTCTAGA,TTAATTAACCAcctTGTTGG,GTTTAAGAGCTAAGCTGGA,gtaccgggcccgcTCTAGAGAGCACAGTAGAACTAAGTTAATTAACCAcctTGTTGGGAGCACAGTAGAACTAAGGGGTTTAAGAGCTAAGCTGGA
428,43,BRCA2,sgBRCA2_2,chr13,32945152,+,GGAAGCAGCAAAATATGTGG,GGAAGCAGCAAAATATGT,gtaccgggcccgcTCTAGA,TTAATTAACCAcctTGTTGG,GTTTAAGAGCTAAGCTGGA,gtaccgggcccgcTCTAGAGGAAGCAGCAAAATATGTTTAATTAACCAcctTGTTGGGGAAGCAGCAAAATATGTGGGTTTAAGAGCTAAGCTGGA
429,43,BRCA2,sgBRCA2_3,chr13,32893267,-,GCAGGTTCAGAATTATAGGG,GCAGGTTCAGAATTATAG,gtaccgggcccgcTCTAGA,TTAATTAACCAcctTGTTGG,GTTTAAGAGCTAAGCTGGA,gtaccgggcccgcTCTAGAGCAGGTTCAGAATTATAGTTAATTAACCAcctTGTTGGGCAGGTTCAGAATTATAGGGGTTTAAGAGCTAAGCTGGA
457,46,POLE,sgPOLE_1,chr12,133241964,-,GAAGCGCTGCAAGAACATGG,GAAGCGCTGCAAGAACAT,gtaccgggcccgcTCTAGA,TTAATTAACCAcctTGTTGG,GTTTAAGAGCTAAGCTGGA,gtaccgggcccgcTCTAGAGAAGCGCTGCAAGAACATTTAATTAACCAcctTGTTGGGAAGCGCTGCAAGAACATGGGTTTAAGAGCTAAGCTGGA
458,46,POLE,sgPOLE_2,chr12,133226002,-,GCAGCGTCTGGAGTCGGCAG,GCAGCGTCTGGAGTCGGC,gtaccgggcccgcTCTAGA,TTAATTAACCAcctTGTTGG,GTTTAAGAGCTAAGCTGGA,gtaccgggcccgcTCTAGAGCAGCGTCTGGAGTCGGCTTAATTAACCAcctTGTTGGGCAGCGTCTGGAGTCGGCAGGTTTAAGAGCTAAGCTGGA
459,46,POLE,sgPOLE_3,chr12,133225538,-,CCAGCGAGTCGCTAAAGCGG,CCAGCGAGTCGCTAAAGC,gtaccgggcccgcTCTAGA,TTAATTAACCAcctTGTTGG,GTTTAAGAGCTAAGCTGGA,gtaccgggcccgcTCTAGACCAGCGAGTCGCTAAAGCTTAATTAACCAcctTGTTGGCCAGCGAGTCGCTAAAGCGGGTTTAAGAGCTAAGCTGGA
467,47,DDB2,sgDDB2_1,chr11,47236725,-,GGGGCGTAATACAATCTCGG,GGGGCGTAATACAATCTC,gtaccgggcccgcTCTAGA,TTAATTAACCAcctTGTTGG,GTTTAAGAGCTAAGCTGGA,gtaccgggcccgcTCTAGAGGGGCGTAATACAATCTCTTAATTAACCAcctTGTTGGGGGGCGTAATACAATCTCGGGTTTAAGAGCTAAGCTGGA
468,47,DDB2,sgDDB2_2,chr11,47237960,-,GGAGGGTCCTGACGATGCTG,GGAGGGTCCTGACGATGC,gtaccgggcccgcTCTAGA,TTAATTAACCAcctTGTTGG,GTTTAAGAGCTAAGCTGGA,gtaccgggcccgcTCTAGAGGAGGGTCCTGACGATGCTTAATTAACCAcctTGTTGGGGAGGGTCCTGACGATGCTGGTTTAAGAGCTAAGCTGGA
469,47,DDB2,sgDDB2_3,chr11,47254432,-,AGTTGTTCCCTCCATTGAGG,AGTTGTTCCCTCCATTGA,gtaccgggcccgcTCTAGA,TTAATTAACCAcctTGTTGG,GTTTAAGAGCTAAGCTGGA,gtaccgggcccgcTCTAGAAGTTGTTCCCTCCATTGATTAATTAACCAcctTGTTGGAGTTGTTCCCTCCATTGAGGGTTTAAGAGCTAAGCTGGA
477,48,POLD2,sgPOLD2_1,chr7,44161518,+,GCTGCGCTCTCCTAGCCGGA,GCTGCGCTCTCCTAGCCG,gtaccgggcccgcTCTAGA,TTAATTAACCAcctTGTTGG,GTTTAAGAGCTAAGCTGGA,gtaccgggcccgcTCTAGAGCTGCGCTCTCCTAGCCGTTAATTAACCAcctTGTTGGGCTGCGCTCTCCTAGCCGGAGTTTAAGAGCTAAGCTGGA
478,48,POLD2,sgPOLD2_2,chr7,44157556,-,GCAGCCCTCCATCCTGCGGG,GCAGCCCTCCATCCTGCG,gtaccgggcccgcTCTAGA,TTAATTAACCAcctTGTTGG,GTTTAAGAGCTAAGCTGGA,gtaccgggcccgcTCTAGAGCAGCCCTCCATCCTGCGTTAATTAACCAcctTGTTGGGCAGCCCTCCATCCTGCGGGGTTTAAGAGCTAAGCTGGA
479,48,POLD2,sgPOLD2_3,chr7,44155762,+,GTGGAGTAGGCAGTGGCCAG,GTGGAGTAGGCAGTGGCC,gtaccgggcccgcTCTAGA,TTAATTAACCAcctTGTTGG,GTTTAAGAGCTAAGCTGGA,gtaccgggcccgcTCTAGAGTGGAGTAGGCAGTGGCCTTAATTAACCAcctTGTTGGGTGGAGTAGGCAGTGGCCAGGTTTAAGAGCTAAGCTGGA
487,49,MSH6,sgMSH6_1,chr2,48010574,+,AAGGCGAAGAACCTCAACGG,AAGGCGAAGAACCTCAAC,gtaccgggcccgcTCTAGA,TTAATTAACCAcctTGTTGG,GTTTAAGAGCTAAGCTGGA,gtaccgggcccgcTCTAGAAAGGCGAAGAACCTCAACTTAATTAACCAcctTGTTGGAAGGCGAAGAACCTCAACGGGTTTAAGAGCTAAGCTGGA
488,49,MSH6,sgMSH6_2,chr2,48026255,+,GAAGAGATGAGCACAGGAGG,GAAGAGATGAGCACAGGA,gtaccgggcccgcTCTAGA,TTAATTAACCAcctTGTTGG,GTTTAAGAGCTAAGCTGGA,gtaccgggcccgcTCTAGAGAAGAGATGAGCACAGGATTAATTAACCAcctTGTTGGGAAGAGATGAGCACAGGAGGGTTTAAGAGCTAAGCTGGA
489,49,MSH6,sgMSH6_3,chr2,48010423,+,GAGTGATGCCAACAAGGCCT,GAGTGATGCCAACAAGGC,gtaccgggcccgcTCTAGA,TTAATTAACCAcctTGTTGG,GTTTAAGAGCTAAGCTGGA,gtaccgggcccgcTCTAGAGAGTGATGCCAACAAGGCTTAATTAACCAcctTGTTGGGAGTGATGCCAACAAGGCCTGTTTAAGAGCTAAGCTGGA
547,55,INO80,sgINO80_1,chr15,41388403,+,GCAGAAAATGGTCCAACCGG,GCAGAAAATGGTCCAACC,gtaccgggcccgcTCTAGA,TTAATTAACCAcctTGTTGG,GTTTAAGAGCTAAGCTGGA,gtaccgggcccgcTCTAGAGCAGAAAATGGTCCAACCTTAATTAACCAcctTGTTGGGCAGAAAATGGTCCAACCGGGTTTAAGAGCTAAGCTGGA
548,55,INO80,sgINO80_2,chr15,41308288,-,CAGGATGATAGACCTACTGG,CAGGATGATAGACCTACT,gtaccgggcccgcTCTAGA,TTAATTAACCAcctTGTTGG,GTTTAAGAGCTAAGCTGGA,gtaccgggcccgcTCTAGACAGGATGATAGACCTACTTTAATTAACCAcctTGTTGGCAGGATGATAGACCTACTGGGTTTAAGAGCTAAGCTGGA
549,55,INO80,sgINO80_3,chr15,41280091,+,GCTTTGTCTGCCCTAAGCGG,GCTTTGTCTGCCCTAAGC,gtaccgggcccgcTCTAGA,TTAATTAACCAcctTGTTGG,GTTTAAGAGCTAAGCTGGA,gtaccgggcccgcTCTAGAGCTTTGTCTGCCCTAAGCTTAATTAACCAcctTGTTGGGCTTTGTCTGCCCTAAGCGGGTTTAAGAGCTAAGCTGGA
557,56,NBN,sgNBN_1,chr8,90996768,-,GTGGAAACTGCTGCCCGCCG,GTGGAAACTGCTGCCCGC,gtaccgggcccgcTCTAGA,TTAATTAACCAcctTGTTGG,GTTTAAGAGCTAAGCTGGA,gtaccgggcccgcTCTAGAGTGGAAACTGCTGCCCGCTTAATTAACCAcctTGTTGGGTGGAAACTGCTGCCCGCCGGTTTAAGAGCTAAGCTGGA
558,56,NBN,sgNBN_2,chr8,90983489,+,ATAGATGGTTCATCAAGAGG,ATAGATGGTTCATCAAGA,gtaccgggcccgcTCTAGA,TTAATTAACCAcctTGTTGG,GTTTAAGAGCTAAGCTGGA,gtaccgggcccgcTCTAGAATAGATGGTTCATCAAGATTAATTAACCAcctTGTTGGATAGATGGTTCATCAAGAGGGTTTAAGAGCTAAGCTGGA
559,56,NBN,sgNBN_3,chr8,90993086,+,CAAGAAGAGCATGCAACCAA,CAAGAAGAGCATGCAACC,gtaccgggcccgcTCTAGA,TTAATTAACCAcctTGTTGG,GTTTAAGAGCTAAGCTGGA,gtaccgggcccgcTCTAGACAAGAAGAGCATGCAACCTTAATTAACCAcctTGTTGGCAAGAAGAGCATGCAACCAAGTTTAAGAGCTAAGCTGGA
577,58,ATRX,sgATRX_1,chrX,76939912,+,GCAGTGACCAAGTCCAACAA,GCAGTGACCAAGTCCAAC,gtaccgggcccgcTCTAGA,TTAATTAACCAcctTGTTGG,GTTTAAGAGCTAAGCTGGA,gtaccgggcccgcTCTAGAGCAGTGACCAAGTCCAACTTAATTAACCAcctTGTTGGGCAGTGACCAAGTCCAACAAGTTTAAGAGCTAAGCTGGA
578,58,ATRX,sgATRX_2,chrX,76939108,-,TCAGTTGATCATCAAGGGGA,TCAGTTGATCATCAAGGG,gtaccgggcccgcTCTAGA,TTAATTAACCAcctTGTTGG,GTTTAAGAGCTAAGCTGGA,gtaccgggcccgcTCTAGATCAGTTGATCATCAAGGGTTAATTAACCAcctTGTTGGTCAGTTGATCATCAAGGGGAGTTTAAGAGCTAAGCTGGA
579,58,ATRX,sgATRX_3,chrX,76912064,-,GTGAATCCGAAGATGAACAG,GTGAATCCGAAGATGAAC,gtaccgggcccgcTCTAGA,TTAATTAACCAcctTGTTGG,GTTTAAGAGCTAAGCTGGA,gtaccgggcccgcTCTAGAGTGAATCCGAAGATGAACTTAATTAACCAcctTGTTGGGTGAATCCGAAGATGAACAGGTTTAAGAGCTAAGCTGGA
607,61,APEX1,sgAPEX1_1,chr14,20924162,+,GATCAGAAAACCTCACCCAG,GATCAGAAAACCTCACCC,gtaccgggcccgcTCTAGA,TTAATTAACCAcctTGTTGG,GTTTAAGAGCTAAGCTGGA,gtaccgggcccgcTCTAGAGATCAGAAAACCTCACCCTTAATTAACCAcctTGTTGGGATCAGAAAACCTCACCCAGGTTTAAGAGCTAAGCTGGA
608,61,APEX1,sgAPEX1_2,chr14,20924114,+,GACAAAGAGGCAGCAGGAGA,GACAAAGAGGCAGCAGGA,gtaccgggcccgcTCTAGA,TTAATTAACCAcctTGTTGG,GTTTAAGAGCTAAGCTGGA,gtaccgggcccgcTCTAGAGACAAAGAGGCAGCAGGATTAATTAACCAcctTGTTGGGACAAAGAGGCAGCAGGAGAGTTTAAGAGCTAAGCTGGA
609,61,APEX1,sgAPEX1_3,chr14,20923796,+,GTAACGGGAATGCCGAAGCG,GTAACGGGAATGCCGAAG,gtaccgggcccgcTCTAGA,TTAATTAACCAcctTGTTGG,GTTTAAGAGCTAAGCTGGA,gtaccgggcccgcTCTAGAGTAACGGGAATGCCGAAGTTAATTAACCAcctTGTTGGGTAACGGGAATGCCGAAGCGGTTTAAGAGCTAAGCTGGA
697,70,DOT1L,sgDOT1L_1,chr19,2210657,-,GGGAGACGGCTTCTTCACGG,GGGAGACGGCTTCTTCAC,gtaccgggcccgcTCTAGA,TTAATTAACCAcctTGTTGG,GTTTAAGAGCTAAGCTGGA,gtaccgggcccgcTCTAGAGGGAGACGGCTTCTTCACTTAATTAACCAcctTGTTGGGGGAGACGGCTTCTTCACGGGTTTAAGAGCTAAGCTGGA
698,70,DOT1L,sgDOT1L_2,chr19,2222451,+,GGGACGCCCAGCTTGAGCGC,GGGACGCCCAGCTTGAGC,gtaccgggcccgcTCTAGA,TTAATTAACCAcctTGTTGG,GTTTAAGAGCTAAGCTGGA,gtaccgggcccgcTCTAGAGGGACGCCCAGCTTGAGCTTAATTAACCAcctTGTTGGGGGACGCCCAGCTTGAGCGCGTTTAAGAGCTAAGCTGGA
699,70,DOT1L,sgDOT1L_3,chr19,2164201,+,GCTGAGACTGAAGTCGCCCG,GCTGAGACTGAAGTCGCC,gtaccgggcccgcTCTAGA,TTAATTAACCAcctTGTTGG,GTTTAAGAGCTAAGCTGGA,gtaccgggcccgcTCTAGAGCTGAGACTGAAGTCGCCTTAATTAACCAcctTGTTGGGCTGAGACTGAAGTCGCCCGGTTTAAGAGCTAAGCTGGA
727,73,PALB2,sgPALB2_1,chr16,23646607,-,GAAGCATGTCCAATTGCCAG,GAAGCATGTCCAATTGCC,gtaccgggcccgcTCTAGA,TTAATTAACCAcctTGTTGG,GTTTAAGAGCTAAGCTGGA,gtaccgggcccgcTCTAGAGAAGCATGTCCAATTGCCTTAATTAACCAcctTGTTGGGAAGCATGTCCAATTGCCAGGTTTAAGAGCTAAGCTGGA
728,73,PALB2,sgPALB2_2,chr16,23641526,-,GGAGAGAGACATCTTAAAGA,GGAGAGAGACATCTTAAA,gtaccgggcccgcTCTAGA,TTAATTAACCAcctTGTTGG,GTTTAAGAGCTAAGCTGGA,gtaccgggcccgcTCTAGAGGAGAGAGACATCTTAAATTAATTAACCAcctTGTTGGGGAGAGAGACATCTTAAAGAGTTTAAGAGCTAAGCTGGA
729,73,PALB2,sgPALB2_3,chr16,23641022,+,AAAGTGAATGACTCAATGGG,AAAGTGAATGACTCAATG,gtaccgggcccgcTCTAGA,TTAATTAACCAcctTGTTGG,GTTTAAGAGCTAAGCTGGA,gtaccgggcccgcTCTAGAAAAGTGAATGACTCAATGTTAATTAACCAcctTGTTGGAAAGTGAATGACTCAATGGGGTTTAAGAGCTAAGCTGGA
737,74,SAMHD1,sgSAMHD1_1,chr20,35579841,-,GTGCTGCTGAAGAACATCCG,GTGCTGCTGAAGAACATC,gtaccgggcccgcTCTAGA,TTAATTAACCAcctTGTTGG,GTTTAAGAGCTAAGCTGGA,gtaccgggcccgcTCTAGAGTGCTGCTGAAGAACATCTTAATTAACCAcctTGTTGGGTGCTGCTGAAGAACATCCGGTTTAAGAGCTAAGCTGGA
738,74,SAMHD1,sgSAMHD1_2,chr20,35563547,+,GGAGAGGGTGGAGCTCAATG,GGAGAGGGTGGAGCTCAA,gtaccgggcccgcTCTAGA,TTAATTAACCAcctTGTTGG,GTTTAAGAGCTAAGCTGGA,gtaccgggcccgcTCTAGAGGAGAGGGTGGAGCTCAATTAATTAACCAcctTGTTGGGGAGAGGGTGGAGCTCAATGGTTTAAGAGCTAAGCTGGA
739,74,SAMHD1,sgSAMHD1_3,chr20,35539683,-,ATAGAGATTACAGGTGCTGG,ATAGAGATTACAGGTGCT,gtaccgggcccgcTCTAGA,TTAATTAACCAcctTGTTGG,GTTTAAGAGCTAAGCTGGA,gtaccgggcccgcTCTAGAATAGAGATTACAGGTGCTTTAATTAACCAcctTGTTGGATAGAGATTACAGGTGCTGGGTTTAAGAGCTAAGCTGGA
917,92,SMC1A,sgSMC1A_1,chrX,53436374,-,GAAGCGGATTGAGAAACTGG,GAAGCGGATTGAGAAACT,gtaccgggcccgcTCTAGA,TTAATTAACCAcctTGTTGG,GTTTAAGAGCTAAGCTGGA,gtaccgggcccgcTCTAGAGAAGCGGATTGAGAAACTTTAATTAACCAcctTGTTGGGAAGCGGATTGAGAAACTGGGTTTAAGAGCTAAGCTGGA
918,92,SMC1A,sgSMC1A_2,chrX,53440280,-,GGAGTATGACAAGCGAAAGA,GGAGTATGACAAGCGAAA,gtaccgggcccgcTCTAGA,TTAATTAACCAcctTGTTGG,GTTTAAGAGCTAAGCTGGA,gtaccgggcccgcTCTAGAGGAGTATGACAAGCGAAATTAATTAACCAcctTGTTGGGGAGTATGACAAGCGAAAGAGTTTAAGAGCTAAGCTGGA
919,92,SMC1A,sgSMC1A_3,chrX,53439980,-,TGAGAAGCTCAACAAGGAAC,TGAGAAGCTCAACAAGGA,gtaccgggcccgcTCTAGA,TTAATTAACCAcctTGTTGG,GTTTAAGAGCTAAGCTGGA,gtaccgggcccgcTCTAGATGAGAAGCTCAACAAGGATTAATTAACCAcctTGTTGGTGAGAAGCTCAACAAGGAACGTTTAAGAGCTAAGCTGGA
1156,116,APEX2,sgAPEX2_1,chrX,55026941,-,AATGCGCCCCACGGCCACGG,AATGCGCCCCACGGCCAC,gtaccgggcccgcTCTAGA,TTAATTAACCAcctTGTTGG,GTTTAAGAGCTAAGCTGGA,gtaccgggcccgcTCTAGAAATGCGCCCCACGGCCACTTAATTAACCAcctTGTTGGAATGCGCCCCACGGCCACGGGTTTAAGAGCTAAGCTGGA
1157,116,APEX2,sgAPEX2_2,chrX,55026891,+,TCGGAGACCCCTGCAAGGGG,TCGGAGACCCCTGCAAGG,gtaccgggcccgcTCTAGA,TTAATTAACCAcctTGTTGG,GTTTAAGAGCTAAGCTGGA,gtaccgggcccgcTCTAGATCGGAGACCCCTGCAAGGTTAATTAACCAcctTGTTGGTCGGAGACCCCTGCAAGGGGGTTTAAGAGCTAAGCTGGA
1158,116,APEX2,sgAPEX2_3,chrX,55026901,-,TGATTTGCCACCCCTTGCAG,TGATTTGCCACCCCTTGC,gtaccgggcccgcTCTAGA,TTAATTAACCAcctTGTTGG,GTTTAAGAGCTAAGCTGGA,gtaccgggcccgcTCTAGATGATTTGCCACCCCTTGCTTAATTAACCAcctTGTTGGTGATTTGCCACCCCTTGCAGGTTTAAGAGCTAAGCTGGA
1204,121,NHEJ1,sgNHEJ1_1,chr2,220022940,-,ACAGGTGTGGCATGAACAGG,ACAGGTGTGGCATGAACA,gtaccgggcccgcTCTAGA,TTAATTAACCAcctTGTTGG,GTTTAAGAGCTAAGCTGGA,gtaccgggcccgcTCTAGAACAGGTGTGGCATGAACATTAATTAACCAcctTGTTGGACAGGTGTGGCATGAACAGGGTTTAAGAGCTAAGCTGGA
1205,121,NHEJ1,sgNHEJ1_2,chr2,220022346,+,GGAGATTATCCAAATGACAG,GGAGATTATCCAAATGAC,gtaccgggcccgcTCTAGA,TTAATTAACCAcctTGTTGG,GTTTAAGAGCTAAGCTGGA,gtaccgggcccgcTCTAGAGGAGATTATCCAAATGACTTAATTAACCAcctTGTTGGGGAGATTATCCAAATGACAGGTTTAAGAGCTAAGCTGGA
1206,121,NHEJ1,sgNHEJ1_3,chr2,220022220,+,GGAAATTCCAATAGAAGGGG,GGAAATTCCAATAGAAGG,gtaccgggcccgcTCTAGA,TTAATTAACCAcctTGTTGG,GTTTAAGAGCTAAGCTGGA,gtaccgggcccgcTCTAGAGGAAATTCCAATAGAAGGTTAATTAACCAcctTGTTGGGGAAATTCCAATAGAAGGGGGTTTAAGAGCTAAGCTGGA
1364,137,APLF,sgAPLF_1,chr2,68694871,+,GGGGCTTCGAGCTGCAGCCG,GGGGCTTCGAGCTGCAGC,gtaccgggcccgcTCTAGA,TTAATTAACCAcctTGTTGG,GTTTAAGAGCTAAGCTGGA,gtaccgggcccgcTCTAGAGGGGCTTCGAGCTGCAGCTTAATTAACCAcctTGTTGGGGGGCTTCGAGCTGCAGCCGGTTTAAGAGCTAAGCTGGA
1365,137,APLF,sgAPLF_2,chr2,68694924,+,GGGGAGACGGTGATCGGCCG,GGGGAGACGGTGATCGGC,gtaccgggcccgcTCTAGA,TTAATTAACCAcctTGTTGG,GTTTAAGAGCTAAGCTGGA,gtaccgggcccgcTCTAGAGGGGAGACGGTGATCGGCTTAATTAACCAcctTGTTGGGGGGAGACGGTGATCGGCCGGTTTAAGAGCTAAGCTGGA
1366,137,APLF,sgAPLF_3,chr2,68740791,+,TCAGTACCAGCAATCAGTGG,TCAGTACCAGCAATCAGT,gtaccgggcccgcTCTAGA,TTAATTAACCAcctTGTTGG,GTTTAAGAGCTAAGCTGGA,gtaccgggcccgcTCTAGATCAGTACCAGCAATCAGTTTAATTAACCAcctTGTTGGTCAGTACCAGCAATCAGTGGGTTTAAGAGCTAAGCTGGA
1424,143,PARP2,sgPARP2_1,chr14,20813602,+,GTGTACAGCCAAGGTGGGGA,GTGTACAGCCAAGGTGGG,gtaccgggcccgcTCTAGA,TTAATTAACCAcctTGTTGG,GTTTAAGAGCTAAGCTGGA,gtaccgggcccgcTCTAGAGTGTACAGCCAAGGTGGGTTAATTAACCAcctTGTTGGGTGTACAGCCAAGGTGGGGAGTTTAAGAGCTAAGCTGGA
1425,143,PARP2,sgPARP2_2,chr14,20824822,-,CCTGTGATGGGAGCTTCAGG,CCTGTGATGGGAGCTTCA,gtaccgggcccgcTCTAGA,TTAATTAACCAcctTGTTGG,GTTTAAGAGCTAAGCTGGA,gtaccgggcccgcTCTAGACCTGTGATGGGAGCTTCATTAATTAACCAcctTGTTGGCCTGTGATGGGAGCTTCAGGGTTTAAGAGCTAAGCTGGA
1426,143,PARP2,sgPARP2_3,chr14,20819213,+,AATGGGACAGCACAGCCTGG,AATGGGACAGCACAGCCT,gtaccgggcccgcTCTAGA,TTAATTAACCAcctTGTTGG,GTTTAAGAGCTAAGCTGGA,gtaccgggcccgcTCTAGAAATGGGACAGCACAGCCTTTAATTAACCAcctTGTTGGAATGGGACAGCACAGCCTGGGTTTAAGAGCTAAGCTGGA
1434,144,XRCC3,sgXRCC3_1,chr14,104173354,-,CAGTTCCCGCGGCAGCACGG,CAGTTCCCGCGGCAGCAC,gtaccgggcccgcTCTAGA,TTAATTAACCAcctTGTTGG,GTTTAAGAGCTAAGCTGGA,gtaccgggcccgcTCTAGACAGTTCCCGCGGCAGCACTTAATTAACCAcctTGTTGGCAGTTCCCGCGGCAGCACGGGTTTAAGAGCTAAGCTGGA
1435,144,XRCC3,sgXRCC3_2,chr14,104169574,+,GGAACGTCAGTGCGCAGCCG,GGAACGTCAGTGCGCAGC,gtaccgggcccgcTCTAGA,TTAATTAACCAcctTGTTGG,GTTTAAGAGCTAAGCTGGA,gtaccgggcccgcTCTAGAGGAACGTCAGTGCGCAGCTTAATTAACCAcctTGTTGGGGAACGTCAGTGCGCAGCCGGTTTAAGAGCTAAGCTGGA
1436,144,XRCC3,sgXRCC3_3,chr14,104165764,+,GGACTGCAGATGCCTGGCCC,GGACTGCAGATGCCTGGC,gtaccgggcccgcTCTAGA,TTAATTAACCAcctTGTTGG,GTTTAAGAGCTAAGCTGGA,gtaccgggcccgcTCTAGAGGACTGCAGATGCCTGGCTTAATTAACCAcctTGTTGGGGACTGCAGATGCCTGGCCCGTTTAAGAGCTAAGCTGGA
1524,153,LIG3,sgLIG3_1,chr17,33317992,-,CTGTTAGGTACACATCACCG,CTGTTAGGTACACATCAC,gtaccgggcccgcTCTAGA,TTAATTAACCAcctTGTTGG,GTTTAAGAGCTAAGCTGGA,gtaccgggcccgcTCTAGACTGTTAGGTACACATCACTTAATTAACCAcctTGTTGGCTGTTAGGTACACATCACCGGTTTAAGAGCTAAGCTGGA
1525,153,LIG3,sgLIG3_2,chr17,33318099,+,GCAACCCAGATGATATGGCA,GCAACCCAGATGATATGG,gtaccgggcccgcTCTAGA,TTAATTAACCAcctTGTTGG,GTTTAAGAGCTAAGCTGGA,gtaccgggcccgcTCTAGAGCAACCCAGATGATATGGTTAATTAACCAcctTGTTGGGCAACCCAGATGATATGGCAGTTTAAGAGCTAAGCTGGA
1526,153,LIG3,sgLIG3_4,chr17,33319612,+,GCGGGTCCTTCACAACGCGC,GCGGGTCCTTCACAACGC,gtaccgggcccgcTCTAGA,TTAATTAACCAcctTGTTGG,GTTTAAGAGCTAAGCTGGA,gtaccgggcccgcTCTAGAGCGGGTCCTTCACAACGCTTAATTAACCAcctTGTTGGGCGGGTCCTTCACAACGCGCGTTTAAGAGCTAAGCTGGA
1533,154,TP53,sgTP53_1,chr17,7579391,+,GAAGGGACAGAAGATGACAG,GAAGGGACAGAAGATGAC,gtaccgggcccgcTCTAGA,TTAATTAACCAcctTGTTGG,GTTTAAGAGCTAAGCTGGA,gtaccgggcccgcTCTAGAGAAGGGACAGAAGATGACTTAATTAACCAcctTGTTGGGAAGGGACAGAAGATGACAGGTTTAAGAGCTAAGCTGGA
1534,154,TP53,sgTP53_2,chr17,7578419,-,GCAGTCACAGCACATGACGG,GCAGTCACAGCACATGAC,gtaccgggcccgcTCTAGA,TTAATTAACCAcctTGTTGG,GTTTAAGAGCTAAGCTGGA,gtaccgggcccgcTCTAGAGCAGTCACAGCACATGACTTAATTAACCAcctTGTTGGGCAGTCACAGCACATGACGGGTTTAAGAGCTAAGCTGGA
1535,154,TP53,sgTP53_3,chr17,7577537,-,GCATGGGCGGCATGAACCGG,GCATGGGCGGCATGAACC,gtaccgggcccgcTCTAGA,TTAATTAACCAcctTGTTGG,GTTTAAGAGCTAAGCTGGA,gtaccgggcccgcTCTAGAGCATGGGCGGCATGAACCTTAATTAACCAcctTGTTGGGCATGGGCGGCATGAACCGGGTTTAAGAGCTAAGCTGGA
1633,164,XRCC2,sgXRCC2_1,chr7,152373146,-,GATGTGTAGTGCCTTCCATA,GATGTGTAGTGCCTTCCA,gtaccgggcccgcTCTAGA,TTAATTAACCAcctTGTTGG,GTTTAAGAGCTAAGCTGGA,gtaccgggcccgcTCTAGAGATGTGTAGTGCCTTCCATTAATTAACCAcctTGTTGGGATGTGTAGTGCCTTCCATAGTTTAAGAGCTAAGCTGGA
1634,164,XRCC2,sgXRCC2_2,chr7,152373132,+,CCCAGACTCAGCCCTATGGA,CCCAGACTCAGCCCTATG,gtaccgggcccgcTCTAGA,TTAATTAACCAcctTGTTGG,GTTTAAGAGCTAAGCTGGA,gtaccgggcccgcTCTAGACCCAGACTCAGCCCTATGTTAATTAACCAcctTGTTGGCCCAGACTCAGCCCTATGGAGTTTAAGAGCTAAGCTGGA
1635,164,XRCC2,sgXRCC2_3,chr7,152357788,-,GATGAAGATTCACCTGTGCA,GATGAAGATTCACCTGTG,gtaccgggcccgcTCTAGA,TTAATTAACCAcctTGTTGG,GTTTAAGAGCTAAGCTGGA,gtaccgggcccgcTCTAGAGATGAAGATTCACCTGTGTTAATTAACCAcctTGTTGGGATGAAGATTCACCTGTGCAGTTTAAGAGCTAAGCTGGA
1643,165,RAD21,sgRAD21_1,chr8,117869676,-,GATCGTGAGATAATGAGAGA,GATCGTGAGATAATGAGA,gtaccgggcccgcTCTAGA,TTAATTAACCAcctTGTTGG,GTTTAAGAGCTAAGCTGGA,gtaccgggcccgcTCTAGAGATCGTGAGATAATGAGATTAATTAACCAcctTGTTGGGATCGTGAGATAATGAGAGAGTTTAAGAGCTAAGCTGGA
1644,165,RAD21,sgRAD21_2,chr8,117866545,-,ATGATGTGGAAAGAGACAGG,ATGATGTGGAAAGAGACA,gtaccgggcccgcTCTAGA,TTAATTAACCAcctTGTTGG,GTTTAAGAGCTAAGCTGGA,gtaccgggcccgcTCTAGAATGATGTGGAAAGAGACATTAATTAACCAcctTGTTGGATGATGTGGAAAGAGACAGGGTTTAAGAGCTAAGCTGGA
1645,165,RAD21,sgRAD21_3,chr8,117866486,-,GTGGAATAACAGACTACTGA,GTGGAATAACAGACTACT,gtaccgggcccgcTCTAGA,TTAATTAACCAcctTGTTGG,GTTTAAGAGCTAAGCTGGA,gtaccgggcccgcTCTAGAGTGGAATAACAGACTACTTTAATTAACCAcctTGTTGGGTGGAATAACAGACTACTGAGTTTAAGAGCTAAGCTGGA
1683,169,POLQ,sgPOLQ_1,chr3,121264654,-,GATTCGTTCTCGGGAAGCGG,GATTCGTTCTCGGGAAGC,gtaccgggcccgcTCTAGA,TTAATTAACCAcctTGTTGG,GTTTAAGAGCTAAGCTGGA,gtaccgggcccgcTCTAGAGATTCGTTCTCGGGAAGCTTAATTAACCAcctTGTTGGGATTCGTTCTCGGGAAGCGGGTTTAAGAGCTAAGCTGGA
1684,169,POLQ,sgPOLQ_2,chr3,121200550,-,GAAGGGATGGAGACCAGCCA,GAAGGGATGGAGACCAGC,gtaccgggcccgcTCTAGA,TTAATTAACCAcctTGTTGG,GTTTAAGAGCTAAGCTGGA,gtaccgggcccgcTCTAGAGAAGGGATGGAGACCAGCTTAATTAACCAcctTGTTGGGAAGGGATGGAGACCAGCCAGTTTAAGAGCTAAGCTGGA
1685,169,POLQ,sgPOLQ_3,chr3,121264695,-,TGCGTCGGAGTGGGAAACGG,TGCGTCGGAGTGGGAAAC,gtaccgggcccgcTCTAGA,TTAATTAACCAcctTGTTGG,GTTTAAGAGCTAAGCTGGA,gtaccgggcccgcTCTAGATGCGTCGGAGTGGGAAACTTAATTAACCAcctTGTTGGTGCGTCGGAGTGGGAAACGGGTTTAAGAGCTAAGCTGGA
1733,174,RNF8,sgRNF8_1,chr6,37328299,-,GATTCTGCTTCAAAACACAG,GATTCTGCTTCAAAACAC,gtaccgggcccgcTCTAGA,TTAATTAACCAcctTGTTGG,GTTTAAGAGCTAAGCTGGA,gtaccgggcccgcTCTAGAGATTCTGCTTCAAAACACTTAATTAACCAcctTGTTGGGATTCTGCTTCAAAACACAGGTTTAAGAGCTAAGCTGGA
1734,174,RNF8,sgRNF8_2,chr6,37336649,+,TGAGCCAAGTAAGACCACAG,TGAGCCAAGTAAGACCAC,gtaccgggcccgcTCTAGA,TTAATTAACCAcctTGTTGG,GTTTAAGAGCTAAGCTGGA,gtaccgggcccgcTCTAGATGAGCCAAGTAAGACCACTTAATTAACCAcctTGTTGGTGAGCCAAGTAAGACCACAGGTTTAAGAGCTAAGCTGGA
1735,174,RNF8,sgRNF8_3,chr6,37339311,+,AAAGGACCTGAAGCAACAGC,AAAGGACCTGAAGCAACA,gtaccgggcccgcTCTAGA,TTAATTAACCAcctTGTTGG,GTTTAAGAGCTAAGCTGGA,gtaccgggcccgcTCTAGAAAAGGACCTGAAGCAACATTAATTAACCAcctTGTTGGAAAGGACCTGAAGCAACAGCGTTTAAGAGCTAAGCTGGA
1963,197,XRCC5,sgXRCC5_1,chr2,216981436,+,ACTGACAATCCCCTTTCTGG,ACTGACAATCCCCTTTCT,gtaccgggcccgcTCTAGA,TTAATTAACCAcctTGTTGG,GTTTAAGAGCTAAGCTGGA,gtaccgggcccgcTCTAGAACTGACAATCCCCTTTCTTTAATTAACCAcctTGTTGGACTGACAATCCCCTTTCTGGGTTTAAGAGCTAAGCTGGA
1964,197,XRCC5,sgXRCC5_2,chr2,216986807,+,GAAGATGGAAGTGGGGACAG,GAAGATGGAAGTGGGGAC,gtaccgggcccgcTCTAGA,TTAATTAACCAcctTGTTGG,GTTTAAGAGCTAAGCTGGA,gtaccgggcccgcTCTAGAGAAGATGGAAGTGGGGACTTAATTAACCAcctTGTTGGGAAGATGGAAGTGGGGACAGGTTTAAGAGCTAAGCTGGA
1965,197,XRCC5,sgXRCC5_3,chr2,216986857,-,TTAGTGGAAAGGAAGGCCCA,TTAGTGGAAAGGAAGGCC,gtaccgggcccgcTCTAGA,TTAATTAACCAcctTGTTGG,GTTTAAGAGCTAAGCTGGA,gtaccgggcccgcTCTAGATTAGTGGAAAGGAAGGCCTTAATTAACCAcctTGTTGGTTAGTGGAAAGGAAGGCCCAGTTTAAGAGCTAAGCTGGA
2033,204,YY1,sgYY1_1,chr14,100705644,+,GGAGCTGCACGAGATCGAGG,GGAGCTGCACGAGATCGA,gtaccgggcccgcTCTAGA,TTAATTAACCAcctTGTTGG,GTTTAAGAGCTAAGCTGGA,gtaccgggcccgcTCTAGAGGAGCTGCACGAGATCGATTAATTAACCAcctTGTTGGGGAGCTGCACGAGATCGAGGGTTTAAGAGCTAAGCTGGA
2034,204,YY1,sgYY1_2,chr14,100706025,+,AACGCTGGTCACCGTGGCGG,AACGCTGGTCACCGTGGC,gtaccgggcccgcTCTAGA,TTAATTAACCAcctTGTTGG,GTTTAAGAGCTAAGCTGGA,gtaccgggcccgcTCTAGAAACGCTGGTCACCGTGGCTTAATTAACCAcctTGTTGGAACGCTGGTCACCGTGGCGGGTTTAAGAGCTAAGCTGGA
2035,204,YY1,sgYY1_3,chr14,100706125,+,AAGAAGAGTTACCTCAGCGG,AAGAAGAGTTACCTCAGC,gtaccgggcccgcTCTAGA,TTAATTAACCAcctTGTTGG,GTTTAAGAGCTAAGCTGGA,gtaccgggcccgcTCTAGAAAGAAGAGTTACCTCAGCTTAATTAACCAcctTGTTGGAAGAAGAGTTACCTCAGCGGGTTTAAGAGCTAAGCTGGA
2181,219,MCM2,sgMCM2_1,chr3,127323917,-,GCAGGAAGTTCTTGAAGCGG,GCAGGAAGTTCTTGAAGC,gtaccgggcccgcTCTAGA,TTAATTAACCAcctTGTTGG,GTTTAAGAGCTAAGCTGGA,gtaccgggcccgcTCTAGAGCAGGAAGTTCTTGAAGCTTAATTAACCAcctTGTTGGGCAGGAAGTTCTTGAAGCGGGTTTAAGAGCTAAGCTGGA
2182,219,MCM2,sgMCM2_2,chr3,127318359,+,GGAGAGGAGCTCATTGGAGA,GGAGAGGAGCTCATTGGA,gtaccgggcccgcTCTAGA,TTAATTAACCAcctTGTTGG,GTTTAAGAGCTAAGCTGGA,gtaccgggcccgcTCTAGAGGAGAGGAGCTCATTGGATTAATTAACCAcctTGTTGGGGAGAGGAGCTCATTGGAGAGTTTAAGAGCTAAGCTGGA
2183,219,MCM2,sgMCM2_3,chr3,127323465,-,ATAGGCGTCCAGCTCTGGGA,ATAGGCGTCCAGCTCTGG,gtaccgggcccgcTCTAGA,TTAATTAACCAcctTGTTGG,GTTTAAGAGCTAAGCTGGA,gtaccgggcccgcTCTAGAATAGGCGTCCAGCTCTGGTTAATTAACCAcctTGTTGGATAGGCGTCCAGCTCTGGGAGTTTAAGAGCTAAGCTGGA
2211,222,HMGA2,sgHMGA2_1,chr12,66219077,+,GCAGCCGTCCACTTCAGCCC,GCAGCCGTCCACTTCAGC,gtaccgggcccgcTCTAGA,TTAATTAACCAcctTGTTGG,GTTTAAGAGCTAAGCTGGA,gtaccgggcccgcTCTAGAGCAGCCGTCCACTTCAGCTTAATTAACCAcctTGTTGGGCAGCCGTCCACTTCAGCCCGTTTAAGAGCTAAGCTGGA
2212,222,HMGA2,sgHMGA2_2,chr12,66219048,+,AGGATGAGCGCACGCGGTGA,AGGATGAGCGCACGCGGT,gtaccgggcccgcTCTAGA,TTAATTAACCAcctTGTTGG,GTTTAAGAGCTAAGCTGGA,gtaccgggcccgcTCTAGAAGGATGAGCGCACGCGGTTTAATTAACCAcctTGTTGGAGGATGAGCGCACGCGGTGAGTTTAAGAGCTAAGCTGGA
2213,222,HMGA2,sgHMGA2_3,chr12,66221808,+,AGACCCAGGGGAAGACCCAA,AGACCCAGGGGAAGACCC,gtaccgggcccgcTCTAGA,TTAATTAACCAcctTGTTGG,GTTTAAGAGCTAAGCTGGA,gtaccgggcccgcTCTAGAAGACCCAGGGGAAGACCCTTAATTAACCAcctTGTTGGAGACCCAGGGGAAGACCCAAGTTTAAGAGCTAAGCTGGA
2422,244,TP53BP1,sgTP53BP1_2,chr15,43714055,-,GAGGAGGCCCAGGAAAACTG,GAGGAGGCCCAGGAAAAC,gtaccgggcccgcTCTAGA,TTAATTAACCAcctTGTTGG,GTTTAAGAGCTAAGCTGGA,gtaccgggcccgcTCTAGAGAGGAGGCCCAGGAAAACTTAATTAACCAcctTGTTGGGAGGAGGCCCAGGAAAACTGGTTTAAGAGCTAAGCTGGA
2423,244,TP53BP1,sgTP53BP1_3,chr15,43784253,-,CAAACAGCTGGAGAAGAACG,CAAACAGCTGGAGAAGAA,gtaccgggcccgcTCTAGA,TTAATTAACCAcctTGTTGG,GTTTAAGAGCTAAGCTGGA,gtaccgggcccgcTCTAGACAAACAGCTGGAGAAGAATTAATTAACCAcctTGTTGGCAAACAGCTGGAGAAGAACGGTTTAAGAGCTAAGCTGGA
2424,244,TP53BP1,sgTP53BP1_4,chr15,43771583,+,AGTTCGGCTTACCTTGCAGG,AGTTCGGCTTACCTTGCA,gtaccgggcccgcTCTAGA,TTAATTAACCAcctTGTTGG,GTTTAAGAGCTAAGCTGGA,gtaccgggcccgcTCTAGAAGTTCGGCTTACCTTGCATTAATTAACCAcctTGTTGGAGTTCGGCTTACCTTGCAGGGTTTAAGAGCTAAGCTGGA
2480,250,ATR,sgATR_1,chr3,142285042,+,GAAATCAAGCAACATCACGG,GAAATCAAGCAACATCAC,gtaccgggcccgcTCTAGA,TTAATTAACCAcctTGTTGG,GTTTAAGAGCTAAGCTGGA,gtaccgggcccgcTCTAGAGAAATCAAGCAACATCACTTAATTAACCAcctTGTTGGGAAATCAAGCAACATCACGGGTTTAAGAGCTAAGCTGGA
2481,250,ATR,sgATR_2,chr3,142280089,-,AAGAGCACCAAAACAGACTG,AAGAGCACCAAAACAGAC,gtaccgggcccgcTCTAGA,TTAATTAACCAcctTGTTGG,GTTTAAGAGCTAAGCTGGA,gtaccgggcccgcTCTAGAAAGAGCACCAAAACAGACTTAATTAACCAcctTGTTGGAAGAGCACCAAAACAGACTGGTTTAAGAGCTAAGCTGGA
2482,250,ATR,sgATR_3,chr3,142238564,-,GCCCAGGTCACCAATTGTGG,GCCCAGGTCACCAATTGT,gtaccgggcccgcTCTAGA,TTAATTAACCAcctTGTTGG,GTTTAAGAGCTAAGCTGGA,gtaccgggcccgcTCTAGAGCCCAGGTCACCAATTGTTTAATTAACCAcctTGTTGGGCCCAGGTCACCAATTGTGGGTTTAAGAGCTAAGCTGGA
2628,265,GEN1,sgGEN1_1,chr2,17941290,-,GAGACTCAGATCAACTGCAA,GAGACTCAGATCAACTGC,gtaccgggcccgcTCTAGA,TTAATTAACCAcctTGTTGG,GTTTAAGAGCTAAGCTGGA,gtaccgggcccgcTCTAGAGAGACTCAGATCAACTGCTTAATTAACCAcctTGTTGGGAGACTCAGATCAACTGCAAGTTTAAGAGCTAAGCTGGA
2629,265,GEN1,sgGEN1_2,chr2,17942746,+,AAGCTGATGTCATAAGCAAG,AAGCTGATGTCATAAGCA,gtaccgggcccgcTCTAGA,TTAATTAACCAcctTGTTGG,GTTTAAGAGCTAAGCTGGA,gtaccgggcccgcTCTAGAAAGCTGATGTCATAAGCATTAATTAACCAcctTGTTGGAAGCTGATGTCATAAGCAAGGTTTAAGAGCTAAGCTGGA
2630,265,GEN1,sgGEN1_3,chr2,17946271,-,AAGTATCTCCATCATTGGTG,AAGTATCTCCATCATTGG,gtaccgggcccgcTCTAGA,TTAATTAACCAcctTGTTGG,GTTTAAGAGCTAAGCTGGA,gtaccgggcccgcTCTAGAAAGTATCTCCATCATTGGTTAATTAACCAcctTGTTGGAAGTATCTCCATCATTGGTGGTTTAAGAGCTAAGCTGGA
2718,274,INO80D,sgINO80D_1,chr2,206921004,+,GAAGTGTGGAGAGAAGGCTG,GAAGTGTGGAGAGAAGGC,gtaccgggcccgcTCTAGA,TTAATTAACCAcctTGTTGG,GTTTAAGAGCTAAGCTGGA,gtaccgggcccgcTCTAGAGAAGTGTGGAGAGAAGGCTTAATTAACCAcctTGTTGGGAAGTGTGGAGAGAAGGCTGGTTTAAGAGCTAAGCTGGA
2719,274,INO80D,sgINO80D_2,chr2,206921194,+,TTGCAGACTGAACCCTGCGG,TTGCAGACTGAACCCTGC,gtaccgggcccgcTCTAGA,TTAATTAACCAcctTGTTGG,GTTTAAGAGCTAAGCTGGA,gtaccgggcccgcTCTAGATTGCAGACTGAACCCTGCTTAATTAACCAcctTGTTGGTTGCAGACTGAACCCTGCGGGTTTAAGAGCTAAGCTGGA
2720,274,INO80D,sgINO80D_3,chr2,206911301,-,AGAGAGCGGAGAGGAACCAG,AGAGAGCGGAGAGGAACC,gtaccgggcccgcTCTAGA,TTAATTAACCAcctTGTTGG,GTTTAAGAGCTAAGCTGGA,gtaccgggcccgcTCTAGAAGAGAGCGGAGAGGAACCTTAATTAACCAcctTGTTGGAGAGAGCGGAGAGGAACCAGGTTTAAGAGCTAAGCTGGA
2748,277,POLL,sgPOLL_1,chr10,103345725,+,GGGGTAGTCTGAGAAGGCGG,GGGGTAGTCTGAGAAGGC,gtaccgggcccgcTCTAGA,TTAATTAACCAcctTGTTGG,GTTTAAGAGCTAAGCTGGA,gtaccgggcccgcTCTAGAGGGGTAGTCTGAGAAGGCTTAATTAACCAcctTGTTGGGGGGTAGTCTGAGAAGGCGGGTTTAAGAGCTAAGCTGGA
2749,277,POLL,sgPOLL_2,chr10,103345109,+,GGGAGGAGACACAGGCCTGG,GGGAGGAGACACAGGCCT,gtaccgggcccgcTCTAGA,TTAATTAACCAcctTGTTGG,GTTTAAGAGCTAAGCTGGA,gtaccgggcccgcTCTAGAGGGAGGAGACACAGGCCTTTAATTAACCAcctTGTTGGGGGAGGAGACACAGGCCTGGGTTTAAGAGCTAAGCTGGA
2750,277,POLL,sgPOLL_3,chr10,103342592,+,GGCCTGCTGGGTTGTCAGGG,GGCCTGCTGGGTTGTCAG,gtaccgggcccgcTCTAGA,TTAATTAACCAcctTGTTGG,GTTTAAGAGCTAAGCTGGA,gtaccgggcccgcTCTAGAGGCCTGCTGGGTTGTCAGTTAATTAACCAcctTGTTGGGGCCTGCTGGGTTGTCAGGGGTTTAAGAGCTAAGCTGGA
2765,279,ERCC6L2,sgERCC6L2_1,chr9,98683547,+,GAGCCTTGTACCTGTAGGAG,GAGCCTTGTACCTGTAGG,gtaccgggcccgcTCTAGA,TTAATTAACCAcctTGTTGG,GTTTAAGAGCTAAGCTGGA,gtaccgggcccgcTCTAGAGAGCCTTGTACCTGTAGGTTAATTAACCAcctTGTTGGGAGCCTTGTACCTGTAGGAGGTTTAAGAGCTAAGCTGGA
2766,279,ERCC6L2,sgERCC6L2_2,chr9,98718241,+,GATATCCTTGGGAACTGTGG,GATATCCTTGGGAACTGT,gtaccgggcccgcTCTAGA,TTAATTAACCAcctTGTTGG,GTTTAAGAGCTAAGCTGGA,gtaccgggcccgcTCTAGAGATATCCTTGGGAACTGTTTAATTAACCAcctTGTTGGGATATCCTTGGGAACTGTGGGTTTAAGAGCTAAGCTGGA
2767,279,ERCC6L2,sgERCC6L2_3,chr9,98643510,+,GGACACTACATCCATGGAGG,GGACACTACATCCATGGA,gtaccgggcccgcTCTAGA,TTAATTAACCAcctTGTTGG,GTTTAAGAGCTAAGCTGGA,gtaccgggcccgcTCTAGAGGACACTACATCCATGGATTAATTAACCAcctTGTTGGGGACACTACATCCATGGAGGGTTTAAGAGCTAAGCTGGA
2832,286,NIPBL,sgNIPBL_1,chr5,37064048,+,GATGGGGAGGATAGAGGAGG,GATGGGGAGGATAGAGGA,gtaccgggcccgcTCTAGA,TTAATTAACCAcctTGTTGG,GTTTAAGAGCTAAGCTGGA,gtaccgggcccgcTCTAGAGATGGGGAGGATAGAGGATTAATTAACCAcctTGTTGGGATGGGGAGGATAGAGGAGGGTTTAAGAGCTAAGCTGGA
2833,286,NIPBL,sgNIPBL_2,chr5,36972101,-,GCAGGGGAGCATACTGGCTG,GCAGGGGAGCATACTGGC,gtaccgggcccgcTCTAGA,TTAATTAACCAcctTGTTGG,GTTTAAGAGCTAAGCTGGA,gtaccgggcccgcTCTAGAGCAGGGGAGCATACTGGCTTAATTAACCAcctTGTTGGGCAGGGGAGCATACTGGCTGGTTTAAGAGCTAAGCTGGA
2834,286,NIPBL,sgNIPBL_3,chr5,36975943,-,GAATCTAGCAAGATATCTGG,GAATCTAGCAAGATATCT,gtaccgggcccgcTCTAGA,TTAATTAACCAcctTGTTGG,GTTTAAGAGCTAAGCTGGA,gtaccgggcccgcTCTAGAGAATCTAGCAAGATATCTTTAATTAACCAcctTGTTGGGAATCTAGCAAGATATCTGGGTTTAAGAGCTAAGCTGGA
2872,290,INO80C,sgINO80C_1,chr18,33077791,+,TATTCCGGGAGTGGAAGTGG,TATTCCGGGAGTGGAAGT,gtaccgggcccgcTCTAGA,TTAATTAACCAcctTGTTGG,GTTTAAGAGCTAAGCTGGA,gtaccgggcccgcTCTAGATATTCCGGGAGTGGAAGTTTAATTAACCAcctTGTTGGTATTCCGGGAGTGGAAGTGGGTTTAAGAGCTAAGCTGGA
2873,290,INO80C,sgINO80C_2,chr18,33077685,-,GTCCGCTTCCAGCTTTGCGC,GTCCGCTTCCAGCTTTGC,gtaccgggcccgcTCTAGA,TTAATTAACCAcctTGTTGG,GTTTAAGAGCTAAGCTGGA,gtaccgggcccgcTCTAGAGTCCGCTTCCAGCTTTGCTTAATTAACCAcctTGTTGGGTCCGCTTCCAGCTTTGCGCGTTTAAGAGCTAAGCTGGA
2874,290,INO80C,sgINO80C_3,chr18,33060465,+,AGGTCCTGTGCTAAACTCAG,AGGTCCTGTGCTAAACTC,gtaccgggcccgcTCTAGA,TTAATTAACCAcctTGTTGG,GTTTAAGAGCTAAGCTGGA,gtaccgggcccgcTCTAGAAGGTCCTGTGCTAAACTCTTAATTAACCAcctTGTTGGAGGTCCTGTGCTAAACTCAGGTTTAAGAGCTAAGCTGGA
2882,291,DCLRE1A,sgDCLRE1A_1,chr10,115609842,-,GAAGAAGATGATGACAGCTG,GAAGAAGATGATGACAGC,gtaccgggcccgcTCTAGA,TTAATTAACCAcctTGTTGG,GTTTAAGAGCTAAGCTGGA,gtaccgggcccgcTCTAGAGAAGAAGATGATGACAGCTTAATTAACCAcctTGTTGGGAAGAAGATGATGACAGCTGGTTTAAGAGCTAAGCTGGA
2883,291,DCLRE1A,sgDCLRE1A_2,chr10,115612662,-,TATTCAGCAGACCCAAGACA,TATTCAGCAGACCCAAGA,gtaccgggcccgcTCTAGA,TTAATTAACCAcctTGTTGG,GTTTAAGAGCTAAGCTGGA,gtaccgggcccgcTCTAGATATTCAGCAGACCCAAGATTAATTAACCAcctTGTTGGTATTCAGCAGACCCAAGACAGTTTAAGAGCTAAGCTGGA
2884,291,DCLRE1A,sgDCLRE1A_3,chr10,115612528,-,TGATAGGGCAGACACCTCGA,TGATAGGGCAGACACCTC,gtaccgggcccgcTCTAGA,TTAATTAACCAcctTGTTGG,GTTTAAGAGCTAAGCTGGA,gtaccgggcccgcTCTAGATGATAGGGCAGACACCTCTTAATTAACCAcctTGTTGGTGATAGGGCAGACACCTCGAGTTTAAGAGCTAAGCTGGA
3070,310,SLX4,sgSLX4_1,chr16,3658863,+,GCTGGTCTTCAGAGGAGCGA,GCTGGTCTTCAGAGGAGC,gtaccgggcccgcTCTAGA,TTAATTAACCAcctTGTTGG,GTTTAAGAGCTAAGCTGGA,gtaccgggcccgcTCTAGAGCTGGTCTTCAGAGGAGCTTAATTAACCAcctTGTTGGGCTGGTCTTCAGAGGAGCGAGTTTAAGAGCTAAGCTGGA
3071,310,SLX4,sgSLX4_2,chr16,3639184,-,GAGGAAGCTGCACTACCCAG,GAGGAAGCTGCACTACCC,gtaccgggcccgcTCTAGA,TTAATTAACCAcctTGTTGG,GTTTAAGAGCTAAGCTGGA,gtaccgggcccgcTCTAGAGAGGAAGCTGCACTACCCTTAATTAACCAcctTGTTGGGAGGAAGCTGCACTACCCAGGTTTAAGAGCTAAGCTGGA
3072,310,SLX4,sgSLX4_3,chr16,3658548,-,GGCCCACTCTGTGAATGGGG,GGCCCACTCTGTGAATGG,gtaccgggcccgcTCTAGA,TTAATTAACCAcctTGTTGG,GTTTAAGAGCTAAGCTGGA,gtaccgggcccgcTCTAGAGGCCCACTCTGTGAATGGTTAATTAACCAcctTGTTGGGGCCCACTCTGTGAATGGGGGTTTAAGAGCTAAGCTGGA
3080,311,RNF168,sgRNF168_1,chr3,196229858,+,GAGTCCACGACGATACCCGG,GAGTCCACGACGATACCC,gtaccgggcccgcTCTAGA,TTAATTAACCAcctTGTTGG,GTTTAAGAGCTAAGCTGGA,gtaccgggcccgcTCTAGAGAGTCCACGACGATACCCTTAATTAACCAcctTGTTGGGAGTCCACGACGATACCCGGGTTTAAGAGCTAAGCTGGA
3081,311,RNF168,sgRNF168_2,chr3,196230003,+,GCACTCGGACAGCGAGGGGA,GCACTCGGACAGCGAGGG,gtaccgggcccgcTCTAGA,TTAATTAACCAcctTGTTGG,GTTTAAGAGCTAAGCTGGA,gtaccgggcccgcTCTAGAGCACTCGGACAGCGAGGGTTAATTAACCAcctTGTTGGGCACTCGGACAGCGAGGGGAGTTTAAGAGCTAAGCTGGA
3082,311,RNF168,sgRNF168_3,chr3,196229975,-,GATCTGCATGGAAATCCTCG,GATCTGCATGGAAATCCT,gtaccgggcccgcTCTAGA,TTAATTAACCAcctTGTTGG,GTTTAAGAGCTAAGCTGGA,gtaccgggcccgcTCTAGAGATCTGCATGGAAATCCTTTAATTAACCAcctTGTTGGGATCTGCATGGAAATCCTCGGTTTAAGAGCTAAGCTGGA
3290,332,TOPBP1,sgTOPBP1_1,chr3,133356772,+,GGTGTATCCAGGTGTAACGA,GGTGTATCCAGGTGTAAC,gtaccgggcccgcTCTAGA,TTAATTAACCAcctTGTTGG,GTTTAAGAGCTAAGCTGGA,gtaccgggcccgcTCTAGAGGTGTATCCAGGTGTAACTTAATTAACCAcctTGTTGGGGTGTATCCAGGTGTAACGAGTTTAAGAGCTAAGCTGGA
3291,332,TOPBP1,sgTOPBP1_2,chr3,133347285,-,AAAGCCACTTCACAAAGTAG,AAAGCCACTTCACAAAGT,gtaccgggcccgcTCTAGA,TTAATTAACCAcctTGTTGG,GTTTAAGAGCTAAGCTGGA,gtaccgggcccgcTCTAGAAAAGCCACTTCACAAAGTTTAATTAACCAcctTGTTGGAAAGCCACTTCACAAAGTAGGTTTAAGAGCTAAGCTGGA
3292,332,TOPBP1,sgTOPBP1_3,chr3,133341937,-,GGAAAGAATGACTCTAAAGG,GGAAAGAATGACTCTAAA,gtaccgggcccgcTCTAGA,TTAATTAACCAcctTGTTGG,GTTTAAGAGCTAAGCTGGA,gtaccgggcccgcTCTAGAGGAAAGAATGACTCTAAATTAATTAACCAcctTGTTGGGGAAAGAATGACTCTAAAGGGTTTAAGAGCTAAGCTGGA
3747,378,SETD2,sgSETD2_1,chr3,47164926,-,GTAGATCAGAAAGAGAGCGA,GTAGATCAGAAAGAGAGC,gtaccgggcccgcTCTAGA,TTAATTAACCAcctTGTTGG,GTTTAAGAGCTAAGCTGGA,gtaccgggcccgcTCTAGAGTAGATCAGAAAGAGAGCTTAATTAACCAcctTGTTGGGTAGATCAGAAAGAGAGCGAGTTTAAGAGCTAAGCTGGA
3748,378,SETD2,sgSETD2_2,chr3,47125263,-,AGAACAGCCAGATAAAACAG,AGAACAGCCAGATAAAAC,gtaccgggcccgcTCTAGA,TTAATTAACCAcctTGTTGG,GTTTAAGAGCTAAGCTGGA,gtaccgggcccgcTCTAGAAGAACAGCCAGATAAAACTTAATTAACCAcctTGTTGGAGAACAGCCAGATAAAACAGGTTTAAGAGCTAAGCTGGA
3749,378,SETD2,sgSETD2_3,chr3,47098889,-,GAAGTTGTTTGAGCAAGAGG,GAAGTTGTTTGAGCAAGA,gtaccgggcccgcTCTAGA,TTAATTAACCAcctTGTTGG,GTTTAAGAGCTAAGCTGGA,gtaccgggcccgcTCTAGAGAAGTTGTTTGAGCAAGATTAATTAACCAcctTGTTGGGAAGTTGTTTGAGCAAGAGGGTTTAAGAGCTAAGCTGGA
3757,379,INO80B,sgINO80B_1,chr2,74682258,+,GCGGCGTGGGAGCACCTCTG,GCGGCGTGGGAGCACCTC,gtaccgggcccgcTCTAGA,TTAATTAACCAcctTGTTGG,GTTTAAGAGCTAAGCTGGA,gtaccgggcccgcTCTAGAGCGGCGTGGGAGCACCTCTTAATTAACCAcctTGTTGGGCGGCGTGGGAGCACCTCTGGTTTAAGAGCTAAGCTGGA
3758,379,INO80B,sgINO80B_2,chr2,74682275,-,AGGGGCCTCCATAGCCCCAG,AGGGGCCTCCATAGCCCC,gtaccgggcccgcTCTAGA,TTAATTAACCAcctTGTTGG,GTTTAAGAGCTAAGCTGGA,gtaccgggcccgcTCTAGAAGGGGCCTCCATAGCCCCTTAATTAACCAcctTGTTGGAGGGGCCTCCATAGCCCCAGGTTTAAGAGCTAAGCTGGA
3759,379,INO80B,sgINO80B_3,chr2,74683005,+,GGATAATGAAGAGGAACCTA,GGATAATGAAGAGGAACC,gtaccgggcccgcTCTAGA,TTAATTAACCAcctTGTTGG,GTTTAAGAGCTAAGCTGGA,gtaccgggcccgcTCTAGAGGATAATGAAGAGGAACCTTAATTAACCAcctTGTTGGGGATAATGAAGAGGAACCTAGTTTAAGAGCTAAGCTGGA
3867,390,EXO5,sgEXO5_1,chr1,40980495,+,ACTGCAAACAGCATATGGGA,ACTGCAAACAGCATATGG,gtaccgggcccgcTCTAGA,TTAATTAACCAcctTGTTGG,GTTTAAGAGCTAAGCTGGA,gtaccgggcccgcTCTAGAACTGCAAACAGCATATGGTTAATTAACCAcctTGTTGGACTGCAAACAGCATATGGGAGTTTAAGAGCTAAGCTGGA
3868,390,EXO5,sgEXO5_2,chr1,40980920,-,GTGGTGGATTAGGCTAGCAG,GTGGTGGATTAGGCTAGC,gtaccgggcccgcTCTAGA,TTAATTAACCAcctTGTTGG,GTTTAAGAGCTAAGCTGGA,gtaccgggcccgcTCTAGAGTGGTGGATTAGGCTAGCTTAATTAACCAcctTGTTGGGTGGTGGATTAGGCTAGCAGGTTTAAGAGCTAAGCTGGA
3869,390,EXO5,sgEXO5_3,chr1,40980368,-,GGGTTTGTCATCCTTCCCAA,GGGTTTGTCATCCTTCCC,gtaccgggcccgcTCTAGA,TTAATTAACCAcctTGTTGG,GTTTAAGAGCTAAGCTGGA,gtaccgggcccgcTCTAGAGGGTTTGTCATCCTTCCCTTAATTAACCAcctTGTTGGGGGTTTGTCATCCTTCCCAAGTTTAAGAGCTAAGCTGGA
3887,392,DCLRE1B,sgDCLRE1B_1,chr1,114448376,-,GTAGGTGACGATGCAAGAGG,GTAGGTGACGATGCAAGA,gtaccgggcccgcTCTAGA,TTAATTAACCAcctTGTTGG,GTTTAAGAGCTAAGCTGGA,gtaccgggcccgcTCTAGAGTAGGTGACGATGCAAGATTAATTAACCAcctTGTTGGGTAGGTGACGATGCAAGAGGGTTTAAGAGCTAAGCTGGA
3888,392,DCLRE1B,sgDCLRE1B_2,chr1,114448301,+,CATGCACTCGGACCACACCG,CATGCACTCGGACCACAC,gtaccgggcccgcTCTAGA,TTAATTAACCAcctTGTTGG,GTTTAAGAGCTAAGCTGGA,gtaccgggcccgcTCTAGACATGCACTCGGACCACACTTAATTAACCAcctTGTTGGCATGCACTCGGACCACACCGGTTTAAGAGCTAAGCTGGA
3889,392,DCLRE1B,sgDCLRE1B_3,chr1,114449626,+,GCAATGGATCCAAGCCCTGG,GCAATGGATCCAAGCCCT,gtaccgggcccgcTCTAGA,TTAATTAACCAcctTGTTGG,GTTTAAGAGCTAAGCTGGA,gtaccgggcccgcTCTAGAGCAATGGATCCAAGCCCTTTAATTAACCAcctTGTTGGGCAATGGATCCAAGCCCTGGGTTTAAGAGCTAAGCTGGA
4107,414,UVRAG,sgUVRAG_1,chr11,75694496,+,GAAAGCTTTGGGACGGGAGG,GAAAGCTTTGGGACGGGA,gtaccgggcccgcTCTAGA,TTAATTAACCAcctTGTTGG,GTTTAAGAGCTAAGCTGGA,gtaccgggcccgcTCTAGAGAAAGCTTTGGGACGGGATTAATTAACCAcctTGTTGGGAAAGCTTTGGGACGGGAGGGTTTAAGAGCTAAGCTGGA
4108,414,UVRAG,sgUVRAG_2,chr11,75526511,-,AGAACCGGGAGGCAGAGCAG,AGAACCGGGAGGCAGAGC,gtaccgggcccgcTCTAGA,TTAATTAACCAcctTGTTGG,GTTTAAGAGCTAAGCTGGA,gtaccgggcccgcTCTAGAAGAACCGGGAGGCAGAGCTTAATTAACCAcctTGTTGGAGAACCGGGAGGCAGAGCAGGTTTAAGAGCTAAGCTGGA
4109,414,UVRAG,sgUVRAG_3,chr11,75590989,+,TTCGTGGTGAAGATATGGGG,TTCGTGGTGAAGATATGG,gtaccgggcccgcTCTAGA,TTAATTAACCAcctTGTTGG,GTTTAAGAGCTAAGCTGGA,gtaccgggcccgcTCTAGATTCGTGGTGAAGATATGGTTAATTAACCAcctTGTTGGTTCGTGGTGAAGATATGGGGGTTTAAGAGCTAAGCTGGA
4737,477,C9orf142,sgC9orf142_1,chr9,139886955,+,CGTGTGCTACTGCGAAGGGG,CGTGTGCTACTGCGAAGG,gtaccgggcccgcTCTAGA,TTAATTAACCAcctTGTTGG,GTTTAAGAGCTAAGCTGGA,gtaccgggcccgcTCTAGACGTGTGCTACTGCGAAGGTTAATTAACCAcctTGTTGGCGTGTGCTACTGCGAAGGGGGTTTAAGAGCTAAGCTGGA
4738,477,C9orf142,sgC9orf142_2,chr9,139886967,+,CGAAGGGGAGGAAAGCGGGG,CGAAGGGGAGGAAAGCGG,gtaccgggcccgcTCTAGA,TTAATTAACCAcctTGTTGG,GTTTAAGAGCTAAGCTGGA,gtaccgggcccgcTCTAGACGAAGGGGAGGAAAGCGGTTAATTAACCAcctTGTTGGCGAAGGGGAGGAAAGCGGGGGTTTAAGAGCTAAGCTGGA
4739,477,C9orf142,sgC9orf142_3,chr9,139886997,-,ACTAGAGGTTGAAGCCGCCG,ACTAGAGGTTGAAGCCGC,gtaccgggcccgcTCTAGA,TTAATTAACCAcctTGTTGG,GTTTAAGAGCTAAGCTGGA,gtaccgggcccgcTCTAGAACTAGAGGTTGAAGCCGCTTAATTAACCAcctTGTTGGACTAGAGGTTGAAGCCGCCGGTTTAAGAGCTAAGCTGGA
5177,521,FAM35A,sgFAM35A_1,chr10,88946846,+,GCGTTAATGACTGCCATTGA,GCGTTAATGACTGCCATT,gtaccgggcccgcTCTAGA,TTAATTAACCAcctTGTTGG,GTTTAAGAGCTAAGCTGGA,gtaccgggcccgcTCTAGAGCGTTAATGACTGCCATTTTAATTAACCAcctTGTTGGGCGTTAATGACTGCCATTGAGTTTAAGAGCTAAGCTGGA
5178,521,FAM35A,sgFAM35A_2,chr10,88950254,+,GATCACCTATGGGATGGTCG,GATCACCTATGGGATGGT,gtaccgggcccgcTCTAGA,TTAATTAACCAcctTGTTGG,GTTTAAGAGCTAAGCTGGA,gtaccgggcccgcTCTAGAGATCACCTATGGGATGGTTTAATTAACCAcctTGTTGGGATCACCTATGGGATGGTCGGTTTAAGAGCTAAGCTGGA
5179,521,FAM35A,sgFAM35A_3,chr10,88911758,+,CGAACGCAGTAGATAAGTCA,CGAACGCAGTAGATAAGT,gtaccgggcccgcTCTAGA,TTAATTAACCAcctTGTTGG,GTTTAAGAGCTAAGCTGGA,gtaccgggcccgcTCTAGACGAACGCAGTAGATAAGTTTAATTAACCAcctTGTTGGCGAACGCAGTAGATAAGTCAGTTTAAGAGCTAAGCTGGA
5317,535,H2AFX,sgH2AFX_1,chr11,118965731,-,AAGAAGACCAGCGCCACCGT,AAGAAGACCAGCGCCACC,gtaccgggcccgcTCTAGA,TTAATTAACCAcctTGTTGG,GTTTAAGAGCTAAGCTGGA,gtaccgggcccgcTCTAGAAAGAAGACCAGCGCCACCTTAATTAACCAcctTGTTGGAAGAAGACCAGCGCCACCGTGTTTAAGAGCTAAGCTGGA
5318,535,H2AFX,sgH2AFX_2,chr11,118966000,-,GCCGTGTACACCGGCTGCTG,GCCGTGTACACCGGCTGC,gtaccgggcccgcTCTAGA,TTAATTAACCAcctTGTTGG,GTTTAAGAGCTAAGCTGGA,gtaccgggcccgcTCTAGAGCCGTGTACACCGGCTGCTTAATTAACCAcctTGTTGGGCCGTGTACACCGGCTGCTGGTTTAAGAGCTAAGCTGGA
5319,535,H2AFX,sgH2AFX_3,chr11,118965809,-,GAGCTCAACAAGCTGCTGGG,GAGCTCAACAAGCTGCTG,gtaccgggcccgcTCTAGA,TTAATTAACCAcctTGTTGG,GTTTAAGAGCTAAGCTGGA,gtaccgggcccgcTCTAGAGAGCTCAACAAGCTGCTGTTAATTAACCAcctTGTTGGGAGCTCAACAAGCTGCTGGGGTTTAAGAGCTAAGCTGGA
6531,657,XRCC6BP1,sgXRCC6BP1_1,chr12,58335596,-,CTGGAGAAGAACCCTTGCTG,CTGGAGAAGAACCCTTGC,gtaccgggcccgcTCTAGA,TTAATTAACCAcctTGTTGG,GTTTAAGAGCTAAGCTGGA,gtaccgggcccgcTCTAGACTGGAGAAGAACCCTTGCTTAATTAACCAcctTGTTGGCTGGAGAAGAACCCTTGCTGGTTTAAGAGCTAAGCTGGA
6532,657,XRCC6BP1,sgXRCC6BP1_2,chr12,58340815,+,TGTAATGGAAATGTCAGTGG,TGTAATGGAAATGTCAGT,gtaccgggcccgcTCTAGA,TTAATTAACCAcctTGTTGG,GTTTAAGAGCTAAGCTGGA,gtaccgggcccgcTCTAGATGTAATGGAAATGTCAGTTTAATTAACCAcctTGTTGGTGTAATGGAAATGTCAGTGGGTTTAAGAGCTAAGCTGGA
6533,657,XRCC6BP1,sgXRCC6BP1_3,chr12,58335522,-,CTGCAGCTGCTCCCCTGCCG,CTGCAGCTGCTCCCCTGC,gtaccgggcccgcTCTAGA,TTAATTAACCAcctTGTTGG,GTTTAAGAGCTAAGCTGGA,gtaccgggcccgcTCTAGACTGCAGCTGCTCCCCTGCTTAATTAACCAcctTGTTGGCTGCAGCTGCTCCCCTGCCGGTTTAAGAGCTAAGCTGGA
